City_ID,City,Country,Date,Lat,Lng,Max Temp,Humidity,Cloudiness,Wind Speed
0,Petropavlovsk-Kamchatskiy,RU,2022-02-01 17:43:52,53.0452,158.6483,27.19,80,90,17.9
1,Neryungri,RU,2022-02-01 17:43:52,56.6709,124.6491,-11.69,95,100,8.37
2,Albany,US,2022-02-01 17:43:53,42.6001,-73.9662,35.8,48,10,4.0
3,Maragogi,BR,2022-02-01 17:43:53,-9.0122,-35.2225,84.22,64,8,9.24
4,Hilo,US,2022-02-01 17:40:30,19.7297,-155.09,67.24,94,100,4.61
5,Salta,AR,2022-02-01 17:42:33,-24.7859,-65.4117,81.57,50,40,5.01
6,Torbay,CA,2022-02-01 17:43:54,47.6666,-52.7314,28.58,54,40,23.02
7,Cape Town,ZA,2022-02-01 17:43:54,-33.9258,18.4232,76.87,63,0,3.0
8,Cidreira,BR,2022-02-01 17:43:55,-30.1811,-50.2056,75.78,64,82,9.84
9,Saskylakh,RU,2022-02-01 17:43:55,71.9167,114.0833,-28.23,100,60,1.41
10,Nome,US,2022-02-01 17:43:55,64.5011,-165.4064,24.87,46,0,21.85
11,Hermanus,ZA,2022-02-01 17:43:56,-34.4187,19.2345,72.9,84,3,2.57
12,Vaini,TO,2022-02-01 17:43:56,-21.2,-175.2,75.36,83,20,3.44
13,Rikitea,PF,2022-02-01 17:43:57,-23.1203,-134.9692,77.97,68,46,7.87
14,Ushuaia,AR,2022-02-01 17:43:57,-54.8,-68.3,47.82,87,75,34.52
15,Punta Arenas,CL,2022-02-01 17:43:58,-53.15,-70.9167,51.82,66,75,35.68
16,Pozo Colorado,PY,2022-02-01 17:43:58,-23.4923,-58.7972,108.9,13,1,3.56
17,Souillac,MU,2022-02-01 17:41:03,-20.5167,57.5167,80.98,89,75,21.85
18,Hamilton,US,2022-02-01 17:43:58,39.1834,-84.5333,54.63,47,0,4.0
19,Jamestown,US,2022-02-01 17:42:59,42.097,-79.2353,39.29,37,0,13.8
20,Mataura,NZ,2022-02-01 17:43:59,-46.1927,168.8643,62.47,72,61,4.05
21,Sao Joao Da Barra,BR,2022-02-01 17:43:59,-21.6403,-41.0511,93.29,82,100,6.17
22,Ilhabela,BR,2022-02-01 17:44:00,-23.7781,-45.3581,79.43,83,84,5.5
23,Laguna,US,2022-02-01 17:44:00,38.421,-121.4238,55.22,42,1,7.0
24,Bredasdorp,ZA,2022-02-01 17:44:00,-34.5322,20.0403,72.28,66,3,5.3
25,Westport,US,2022-02-01 17:44:01,41.1415,-73.3579,37.81,61,0,1.01
26,Kapaa,US,2022-02-01 17:44:01,22.0752,-159.319,64.72,94,40,6.91
27,Bluff,NZ,2022-02-01 17:44:02,-46.6,168.3333,62.8,84,70,9.46
28,Syriam,MM,2022-02-01 17:44:02,16.7722,96.2378,75.31,83,50,4.61
29,Chokurdakh,RU,2022-02-01 17:44:03,70.6333,147.9167,-20.76,98,100,1.41
30,Sibolga,ID,2022-02-01 17:44:03,1.7427,98.7792,74.68,96,100,2.55
31,Kieta,PG,2022-02-01 17:44:04,-6.2167,155.6333,79.18,87,100,4.32
32,Aswan,EG,2022-02-01 17:44:04,24.0934,32.907,65.5,29,0,5.75
33,Nemuro,JP,2022-02-01 17:44:05,43.3236,145.575,23.95,71,16,16.8
34,Barrow,US,2022-02-01 17:41:04,71.2906,-156.7887,-16.58,83,90,0.0
35,Puerto Ayora,EC,2022-02-01 17:44:05,-0.7393,-90.3518,82.36,85,84,5.01
36,Ratnagiri,IN,2022-02-01 17:44:06,16.9833,73.3,73.44,65,3,7.31
37,Jining,CN,2022-02-01 17:41:08,35.405,116.5814,37.0,1,100,2.73
38,Cooma,AU,2022-02-01 17:44:06,-36.2333,149.1333,53.37,93,100,14.97
39,Hobart,AU,2022-02-01 17:44:07,-42.8794,147.3294,51.66,59,45,5.99
40,Arraial Do Cabo,BR,2022-02-01 17:44:07,-22.9661,-42.0278,85.96,70,40,12.66
41,Baykit,RU,2022-02-01 17:44:08,61.67,96.37,-9.94,100,92,0.92
42,San Isidro,PE,2022-02-01 17:44:08,-12.1167,-77.05,79.5,82,0,1.99
43,Kalianget,ID,2022-02-01 17:44:08,-7.05,113.9333,78.31,86,94,7.56
44,Lompoc,US,2022-02-01 17:44:09,34.6391,-120.4579,63.12,57,0,6.91
45,Murgab,TM,2022-02-01 17:44:09,37.4966,61.9714,53.47,47,100,11.5
46,Mount Gambier,AU,2022-02-01 17:44:10,-37.8333,140.7667,48.11,66,40,6.91
47,Black River,JM,2022-02-01 17:45:10,18.0264,-77.8487,82.4,59,9,11.52
48,Qaanaaq,GL,2022-02-01 17:45:11,77.484,-69.3632,-16.62,82,100,9.62
49,Jeremie,HT,2022-02-01 17:45:11,18.65,-74.1167,78.64,75,44,8.14
50,Mayo,US,2022-02-01 17:45:11,38.8876,-76.5119,43.2,62,0,5.99
51,Russell,US,2022-02-01 17:41:29,32.3502,-85.1999,63.97,36,0,12.66
52,Yellowknife,CA,2022-02-01 17:41:17,62.456,-114.3525,-25.58,74,1,12.66
53,Butaritari,KI,2022-02-01 17:45:12,3.0707,172.7902,81.28,76,99,11.07
54,Geraldton,AU,2022-02-01 17:45:13,-28.7667,114.6,84.61,28,97,16.11
55,Honavar,IN,2022-02-01 17:45:13,14.2833,74.45,72.63,77,0,2.62
56,Saldanha,ZA,2022-02-01 17:45:13,-33.0117,17.9442,71.65,92,22,5.46
57,Taoudenni,ML,2022-02-01 17:45:14,22.6783,-3.9836,78.19,15,28,10.38
58,Atuona,PF,2022-02-01 17:45:14,-9.8,-139.0333,77.86,79,18,22.24
59,Cuajinicuilapa,MX,2022-02-01 17:45:15,16.4667,-98.4167,87.44,40,0,8.59
60,Plettenberg Bay,ZA,2022-02-01 17:45:15,-34.0527,23.3716,73.71,88,40,2.17
61,Mehriz,IR,2022-02-01 17:45:16,31.5917,54.4318,39.7,66,26,6.96
62,Mehamn,NO,2022-02-01 17:45:16,71.0357,27.8492,22.91,57,0,13.8
63,Sovetskaya,RU,2022-02-01 17:45:16,44.7769,41.1722,30.24,92,98,7.56
64,Asfi,MA,2022-02-01 17:45:17,32.2994,-9.2372,65.35,54,0,16.93
65,Balkanabat,TM,2022-02-01 17:45:17,39.5108,54.3671,48.54,49,92,7.14
66,Kavieng,PG,2022-02-01 17:45:18,-2.5744,150.7967,78.94,81,100,7.45
67,Ahipara,NZ,2022-02-01 17:45:18,-35.1667,173.1667,69.01,89,100,14.9
68,Lebu,CL,2022-02-01 17:41:05,-37.6167,-73.65,65.98,68,0,12.3
69,Waipawa,NZ,2022-02-01 17:45:19,-41.4122,175.5153,65.44,74,85,6.91
70,Sawtell,AU,2022-02-01 17:45:19,-30.3833,153.1,77.02,93,90,5.75
71,Port Alfred,ZA,2022-02-01 17:45:19,-33.5906,26.891,77.02,83,99,10.13
72,Kihei,US,2022-02-01 17:45:20,20.785,-156.4656,66.69,83,20,0.0
73,Esperance,AU,2022-02-01 17:45:20,-33.8667,121.9,58.84,66,70,16.4
74,Barrhead,GB,2022-02-01 17:45:21,55.7992,-4.3929,48.06,74,75,5.99
75,Ilulissat,GL,2022-02-01 17:45:21,69.2167,-51.1,3.22,51,75,11.5
76,Clyde River,CA,2022-02-01 17:45:22,70.4692,-68.5914,-21.77,69,75,4.61
77,Banjarmasin,ID,2022-02-01 17:45:22,-3.3244,114.591,77.14,87,68,3.04
78,Khatanga,RU,2022-02-01 17:45:22,71.9667,102.5,-35.14,100,22,3.6
79,Tasiilaq,GL,2022-02-01 17:45:23,65.6145,-37.6368,8.76,73,89,6.6
80,Batemans Bay,AU,2022-02-01 17:45:23,-35.7167,150.1833,71.98,91,100,10.29
81,Cabedelo,BR,2022-02-01 17:45:24,-6.9811,-34.8339,86.67,63,13,11.77
82,Hay River,CA,2022-02-01 17:45:24,60.8156,-115.7999,-22.02,69,20,8.05
83,Matagami,CA,2022-02-01 17:45:24,49.7502,-77.6328,19.51,73,75,29.93
84,Lorengau,PG,2022-02-01 17:45:25,-2.0226,147.2712,78.28,85,100,7.34
85,Maracacume,BR,2022-02-01 17:45:25,-2.0428,-45.9592,81.84,83,95,3.69
86,Severo-Kurilsk,RU,2022-02-01 17:45:26,50.6789,156.125,25.2,79,41,9.55
87,East London,ZA,2022-02-01 17:45:26,-33.0153,27.9116,74.34,94,20,6.91
88,Boa Vista,BR,2022-02-01 17:45:26,2.8197,-60.6733,89.58,48,75,12.66
89,Hasaki,JP,2022-02-01 17:45:27,35.7333,140.8333,32.4,57,2,17.36
90,Provideniya,RU,2022-02-01 17:45:27,64.3833,-173.3,7.14,70,8,23.44
91,Missoula,US,2022-02-01 17:45:28,47.0166,-113.8009,17.53,86,95,3.49
92,Quesnel,CA,2022-02-01 17:44:10,52.9999,-122.5029,12.7,73,75,11.5
93,Kutum,SD,2022-02-01 17:46:28,14.2,24.6667,62.33,19,4,8.43
94,Hartselle,US,2022-02-01 17:46:29,34.4434,-86.9353,62.62,55,0,14.05
95,Ardakan,IR,2022-02-01 17:46:29,32.31,54.0175,44.98,67,42,6.76
96,Bongaree,AU,2022-02-01 17:46:29,-27.0797,153.1586,79.05,84,97,8.57
97,Lagoa,PT,2022-02-01 17:46:30,39.05,-27.9833,58.91,78,33,17.9
98,Tuatapere,NZ,2022-02-01 17:46:30,-46.1333,167.6833,62.82,88,93,7.29
99,Dingle,PH,2022-02-01 17:46:30,10.9995,122.6711,73.53,95,91,7.09
100,Ust-Nera,RU,2022-02-01 17:46:31,64.5667,143.2,-1.71,98,100,5.64
101,Hithadhoo,MV,2022-02-01 17:46:31,-0.6,73.0833,82.72,72,12,12.66
102,Luderitz,NA,2022-02-01 17:46:31,-26.6481,15.1594,66.87,85,49,8.88
103,Sena Madureira,BR,2022-02-01 17:46:32,-9.0656,-68.6569,84.76,72,53,2.37
104,Vao,NC,2022-02-01 17:46:32,-22.6667,167.4833,77.7,82,92,13.94
105,Kodinsk,RU,2022-02-01 17:46:33,58.6881,99.1844,-9.04,100,98,3.04
106,Kenai,US,2022-02-01 17:42:57,60.5544,-151.2583,18.03,72,100,24.16
107,Shingu,JP,2022-02-01 17:46:33,33.7333,135.9833,42.91,58,11,14.05
108,Iqaluit,CA,2022-02-01 17:46:34,63.7506,-68.5145,-22.27,74,100,2.3
109,Arcata,US,2022-02-01 17:42:27,40.8665,-124.0828,44.26,74,0,3.44
110,Bethel,US,2022-02-01 17:46:34,41.3712,-73.414,36.05,59,0,3.0
111,Waddan,LY,2022-02-01 17:46:35,29.1614,16.139,56.79,20,51,10.65
112,Nuuk,GL,2022-02-01 17:46:35,64.1835,-51.7216,11.01,79,75,8.05
113,Hualmay,PE,2022-02-01 17:46:35,-11.0964,-77.6139,75.99,69,70,10.89
114,Tiksi,RU,2022-02-01 17:46:36,71.6872,128.8694,-17.21,100,100,3.42
115,Dixon,US,2022-02-01 17:46:36,38.4455,-121.8233,55.4,30,75,28.77
116,Sobolevo,RU,2022-02-01 17:46:36,54.4299,31.8996,17.4,94,99,9.1
117,Hyeres,FR,2022-02-01 17:46:37,43.1167,6.1167,52.74,47,0,1.14
118,Chara,RU,2022-02-01 17:46:37,56.9064,118.2631,-20.07,88,53,1.57
119,Carlos Chagas,BR,2022-02-01 17:46:37,-17.7031,-40.7664,89.19,53,100,2.46
120,Pilar,BR,2022-02-01 17:46:38,-9.5972,-35.9567,91.33,44,66,12.91
121,Cherskiy,RU,2022-02-01 17:46:38,68.75,161.3,-9.27,81,99,1.54
122,New Norfolk,AU,2022-02-01 17:46:39,-42.7826,147.0587,51.3,60,50,3.0
123,Kruisfontein,ZA,2022-02-01 17:46:39,-34.0033,24.7314,77.88,79,44,2.55
124,Bambous Virieux,MU,2022-02-01 17:46:39,-20.3428,57.7575,80.85,89,75,21.85
125,Shimsk,RU,2022-02-01 17:46:40,58.212,30.7127,21.51,96,100,6.53
126,Thompson,CA,2022-02-01 17:42:59,55.7435,-97.8558,-18.24,69,40,12.66
127,Mar Del Plata,AR,2022-02-01 17:46:40,-38.0023,-57.5575,81.88,47,0,25.01
128,Upernavik,GL,2022-02-01 17:46:41,72.7868,-56.1549,-16.49,76,100,6.29
129,Moratuwa,LK,2022-02-01 17:46:41,6.773,79.8816,78.82,75,8,4.14
130,Washington,US,2022-02-01 17:45:41,47.5001,-120.5015,34.75,68,4,2.1
131,Magnor,SE,2022-02-01 17:46:42,59.9511,12.1996,23.41,82,100,7.02
132,Mantua,IT,2022-02-01 17:46:42,45.1667,10.7833,51.04,51,0,6.42
133,Opuwo,NA,2022-02-01 17:46:42,-18.0607,13.84,76.3,31,57,14.67
134,Henties Bay,NA,2022-02-01 17:46:43,-22.116,14.2845,72.86,75,18,6.64
135,Ponta Do Sol,PT,2022-02-01 17:46:43,32.6667,-17.1,69.01,68,22,12.03
136,Kawhia,NZ,2022-02-01 17:46:43,-38.0651,174.8183,67.37,88,99,10.54
137,Port Elizabeth,ZA,2022-02-01 17:47:44,-33.918,25.5701,80.1,69,0,5.75
138,Monrovia,LR,2022-02-01 17:43:06,6.3005,-10.7969,87.57,72,68,11.77
139,Sosnogorsk,RU,2022-02-01 17:46:38,63.6023,53.8817,13.01,95,95,6.67
140,Busselton,AU,2022-02-01 17:47:45,-33.65,115.3333,61.05,64,7,18.79
141,Sorland,NO,2022-02-01 17:47:45,67.667,12.6934,30.27,54,100,22.95
142,College,US,2022-02-01 17:45:30,64.8569,-147.8028,-2.54,73,0,0.0
143,Saint-Francois,FR,2022-02-01 17:47:45,46.4154,3.9054,42.24,93,100,6.91
144,Enid,US,2022-02-01 17:47:46,36.3956,-97.8784,58.68,75,90,5.01
145,Dakar,SN,2022-02-01 17:47:46,14.6937,-17.4441,94.08,57,69,16.11
146,Crnomelj,SI,2022-02-01 17:47:47,45.5711,15.1889,42.28,91,78,3.11
147,Paamiut,GL,2022-02-01 17:47:47,61.994,-49.6678,16.72,76,100,14.54
148,Leningradskiy,RU,2022-02-01 17:47:47,69.3833,178.4167,-12.01,94,52,12.06
149,Deputatskiy,RU,2022-02-01 17:47:48,69.3,139.9,-13.23,100,100,1.74
150,Airai,TL,2022-02-01 17:47:48,-8.9266,125.4092,60.01,85,86,3.33
151,Acapulco,MX,2022-02-01 17:46:50,16.8634,-99.8901,81.77,57,0,6.98
152,Chuy,UY,2022-02-01 17:47:48,-33.6971,-53.4616,76.37,37,0,5.41
153,Levice,SK,2022-02-01 17:47:49,48.2156,18.6071,37.44,84,61,4.9
154,Linden,GY,2022-02-01 17:47:49,6.0,-58.3,86.14,84,100,4.0
155,Kununurra,AU,2022-02-01 17:45:27,-15.7667,128.7333,78.78,89,100,8.05
156,Vanimo,PG,2022-02-01 17:47:49,-2.6741,141.3028,76.05,86,100,5.06
157,Christchurch,NZ,2022-02-01 17:47:50,-43.5333,172.6333,70.0,69,100,1.99
158,Castro,BR,2022-02-01 17:47:50,-24.7911,-50.0119,79.18,58,42,4.36
159,Coquimbo,CL,2022-02-01 17:47:51,-29.9533,-71.3436,69.53,64,40,8.05
160,Kodiak,US,2022-02-01 17:47:51,57.79,-152.4072,36.91,87,100,21.85
161,Korla,CN,2022-02-01 17:47:51,41.7597,86.1469,24.35,44,92,1.66
162,Xuddur,SO,2022-02-01 17:47:51,4.1213,43.8894,83.41,31,100,10.38
163,Katsuura,JP,2022-02-01 17:47:52,35.1333,140.3,39.31,45,17,13.42
164,Hoquiam,US,2022-02-01 17:47:52,46.9809,-123.8893,44.92,87,40,6.91
165,Killam,CA,2022-02-01 17:45:08,52.7834,-111.8518,-2.61,77,86,9.22
166,Sitka,US,2022-02-01 17:47:53,57.0531,-135.33,31.89,80,100,0.0
167,Hurghada,EG,2022-02-01 17:47:53,27.2574,33.8129,64.44,48,0,0.0
168,Tsiroanomandidy,MG,2022-02-01 17:47:53,-18.7667,46.0333,73.13,67,30,2.42
169,Nanortalik,GL,2022-02-01 17:47:54,60.1432,-45.2371,12.76,78,19,12.37
170,Aklavik,CA,2022-02-01 17:47:54,68.2191,-135.0107,-11.2,77,75,4.61
171,Talnakh,RU,2022-02-01 17:47:55,69.4865,88.3972,6.21,96,100,9.33
172,Great Falls,US,2022-02-01 17:47:55,47.5002,-111.3008,19.92,85,75,14.97
173,Tucupita,VE,2022-02-01 17:47:55,9.0622,-62.051,88.83,47,73,7.43
174,Ucluelet,CA,2022-02-01 17:46:18,48.9329,-125.5528,32.31,69,39,2.86
175,Panorama,GR,2022-02-01 17:47:56,40.5878,23.0315,42.91,85,75,1.01
176,Libertador General San Martin,AR,2022-02-01 17:47:56,-23.8064,-64.7876,96.98,31,45,9.06
177,Awjilah,LY,2022-02-01 17:47:57,29.1081,21.2869,60.1,34,65,10.58
178,San Antonio,US,2022-02-01 17:42:59,29.4241,-98.4936,67.48,75,40,0.0
179,Nikolskoye,RU,2022-02-01 17:47:57,59.7035,30.7861,26.49,100,100,2.42
180,Tuktoyaktuk,CA,2022-02-01 17:47:58,69.4541,-133.0374,-20.2,76,75,4.61
181,Caravelas,BR,2022-02-01 17:48:58,-17.7125,-39.2481,86.34,61,100,10.96
182,Marsabit,KE,2022-02-01 17:48:58,2.3284,37.9899,74.95,38,88,6.46
183,Ruidoso,US,2022-02-01 17:48:58,33.3317,-105.673,54.05,24,0,0.0
184,Meulaboh,ID,2022-02-01 17:48:59,4.1363,96.1285,76.37,87,73,4.61
185,Nang Rong,TH,2022-02-01 17:48:59,14.6377,102.7914,77.38,66,61,4.97
186,Filingue,NE,2022-02-01 17:49:00,14.3521,3.3168,72.99,8,4,8.25
187,Nizhnyaya Salda,RU,2022-02-01 17:49:00,58.0776,60.7202,25.5,85,100,9.42
188,Zyryanka,RU,2022-02-01 17:49:00,65.75,150.85,-10.21,93,100,13.65
189,Invermere,CA,2022-02-01 17:49:01,50.5167,-116.0354,19.42,89,99,2.13
190,Salihorsk,BY,2022-02-01 17:49:01,52.7876,27.5415,24.71,92,100,9.91
191,Ribeira Grande,PT,2022-02-01 17:49:01,38.5167,-28.7,63.0,72,20,18.41
192,Calbuco,CL,2022-02-01 17:49:02,-41.768,-73.1273,70.81,73,99,2.8
193,Mangrol,IN,2022-02-01 17:49:02,21.1167,70.1167,70.77,80,0,8.21
194,Phalodi,IN,2022-02-01 17:49:02,27.1333,72.3667,66.4,23,0,6.11
195,Avarua,CK,2022-02-01 17:49:03,-21.2078,-159.775,78.85,89,20,12.66
196,Mackay,AU,2022-02-01 17:49:03,-21.15,149.2,76.68,94,40,0.0
197,Dharchula,IN,2022-02-01 17:49:03,29.85,80.5333,43.38,40,11,7.96
198,Laukaa,RU,2022-02-01 17:49:04,58.7372,29.8453,18.21,96,99,4.88
199,Port Hardy,CA,2022-02-01 17:45:08,50.6996,-127.4199,38.75,100,75,4.61
200,Avera,US,2022-02-01 17:49:04,33.194,-82.5271,60.31,50,0,9.46
201,Ponta Delgada,PT,2022-02-01 17:49:04,37.7333,-25.6667,64.51,67,40,10.36
202,Gat,IL,2022-02-01 17:49:03,31.61,34.7642,53.4,100,8,6.31
203,Puerto Baquerizo Moreno,EC,2022-02-01 17:49:05,-0.9,-89.6,81.59,74,75,10.36
204,Ancud,CL,2022-02-01 17:49:05,-41.8697,-73.8203,67.53,77,93,8.95
205,Tecoanapa,MX,2022-02-01 17:49:06,16.5167,-98.75,82.63,57,0,10.54
206,Vila Velha,BR,2022-02-01 17:49:06,-20.3297,-40.2925,94.95,49,40,10.36
207,Muros,ES,2022-02-01 17:49:07,42.7762,-9.0603,60.84,58,0,11.12
208,Inhambane,MZ,2022-02-01 17:49:07,-23.865,35.3833,78.44,73,5,10.22
209,Ridgecrest,US,2022-02-01 17:49:07,35.6225,-117.6709,57.02,20,94,1.01
210,Witney,GB,2022-02-01 17:45:51,51.7836,-1.4854,54.25,74,40,10.36
211,Komsomolskiy,UZ,2022-02-01 17:49:08,40.4272,71.7189,31.42,74,23,4.61
212,Jamame,SO,2022-02-01 17:49:08,0.0722,42.7506,77.94,85,99,12.3
213,Nadym,RU,2022-02-01 17:49:09,65.5333,72.5167,-8.5,99,95,6.6
214,Mecca,SA,2022-02-01 17:49:09,21.4267,39.8261,69.22,39,4,7.18
215,Anstruther,GB,2022-02-01 17:49:09,56.2231,-2.7023,48.34,66,0,18.41
216,Quatre Cocos,MU,2022-02-01 17:49:10,-20.2078,57.7625,80.71,92,100,29.89
217,Ganzhou,CN,2022-02-01 17:49:10,28.8184,115.4327,39.45,95,100,8.14
218,Los Llanos De Aridane,ES,2022-02-01 17:49:11,28.6585,-17.9182,69.12,70,40,1.01
219,Carnarvon,AU,2022-02-01 17:49:11,-24.8667,113.6333,77.07,78,45,20.71
220,Khani,GE,2022-02-01 17:49:12,41.9563,42.9566,38.77,80,78,8.25
221,Bilibino,RU,2022-02-01 17:49:12,68.0546,166.4372,6.24,64,100,5.97
222,Ambilobe,MG,2022-02-01 17:49:12,-13.2,49.05,74.21,94,100,0.85
223,Reims,FR,2022-02-01 17:49:13,49.1667,4.0833,47.98,87,100,10.36
224,Pavelets,RU,2022-02-01 17:49:13,53.7883,39.246,24.12,91,100,13.56
225,Victoria,HK,2022-02-01 17:46:24,22.2855,114.1577,62.26,87,99,1.01
226,Kirakira,SB,2022-02-01 17:50:14,-10.4544,161.9205,79.34,84,98,4.43
227,Margate,GB,2022-02-01 17:50:14,51.3813,1.3862,55.74,66,92,10.0
228,Saint-Philippe,RE,2022-02-01 17:50:15,-21.3585,55.7679,78.39,90,60,21.32
229,Touros,BR,2022-02-01 17:50:15,-5.1989,-35.4608,90.5,63,21,14.14
230,Elko,US,2022-02-01 17:50:16,41.0002,-115.5012,24.06,69,0,3.0
231,Pandan,PH,2022-02-01 17:50:16,14.0453,124.1694,76.84,87,99,16.69
232,Buraydah,SA,2022-02-01 17:50:16,26.326,43.975,55.85,33,0,7.76
233,Pointe-Noire,CG,2022-02-01 17:50:17,-4.7761,11.8635,82.47,83,20,11.5
234,Salamiyah,SY,2022-02-01 17:50:17,35.0113,37.0532,50.5,69,81,4.5
235,Salalah,OM,2022-02-01 17:50:17,17.0151,54.0924,70.45,60,88,3.02
236,Yulara,AU,2022-02-01 17:50:18,-25.2406,130.9889,67.84,100,100,12.66
237,Kardla,EE,2022-02-01 17:50:18,58.9978,22.7492,22.05,84,100,0.98
238,Kavaratti,IN,2022-02-01 17:50:19,10.5669,72.642,80.37,69,15,6.87
239,Beaufort,MY,2022-02-01 17:50:19,5.3473,115.7455,80.76,91,69,3.67
240,Almaznyy,RU,2022-02-01 17:50:20,48.0448,40.045,32.14,95,83,9.44
241,Valparaiso,CL,2022-02-01 17:50:20,-33.0393,-71.6273,69.44,64,0,8.05
242,Praia,CV,2022-02-01 17:50:21,14.9215,-23.5087,81.14,50,89,12.66
243,Ola,RU,2022-02-01 17:50:21,59.5833,151.2833,-1.93,82,20,12.08
244,Fort Saint James,CA,2022-02-01 17:50:22,54.4333,-124.25,0.91,93,100,2.51
245,Collie,AU,2022-02-01 17:50:22,-33.3667,116.15,57.97,70,0,12.93
246,Dymer,UA,2022-02-01 17:50:23,50.7865,30.3026,30.34,93,71,9.22
247,Bandiagara,ML,2022-02-01 17:50:23,14.3501,-3.6104,80.67,6,72,13.13
248,Luz,BR,2022-02-01 17:50:23,-19.8014,-45.6856,80.08,70,86,3.09
249,Bitam,GA,2022-02-01 17:50:24,2.076,11.5007,78.78,47,100,2.55
250,Labuhan,ID,2022-02-01 17:50:24,-6.8844,112.2051,77.56,88,98,4.5
251,Yukhnov,RU,2022-02-01 17:50:24,54.7444,35.2297,20.52,93,99,7.49
252,Kokopo,PG,2022-02-01 17:50:25,-4.352,152.2633,76.53,87,100,9.04
253,Hofn,IS,2022-02-01 17:50:25,64.2539,-15.2082,24.04,53,0,7.31
254,Rostovka,RU,2022-02-01 17:50:26,55.3842,71.8891,19.33,96,99,5.95
255,Carutapera,BR,2022-02-01 17:50:26,-1.195,-46.02,81.43,81,100,8.41
256,Dosso,NE,2022-02-01 17:50:27,13.049,3.1937,73.09,10,0,8.86
257,Pulandian,CN,2022-02-01 17:50:27,39.3953,121.9669,14.13,83,4,3.58
258,Klobuck,PL,2022-02-01 17:50:27,50.9008,18.9367,34.16,79,100,15.03
259,Myaundzha,RU,2022-02-01 17:50:28,63.0494,147.1858,0.01,94,100,3.38
260,Blackwater,AU,2022-02-01 17:50:28,-23.5833,148.8833,78.19,69,100,7.85
261,Selikhino,RU,2022-02-01 17:50:28,50.3672,137.4996,-2.96,99,99,4.09
262,Kungalv,SE,2022-02-01 17:50:29,57.871,11.9805,31.68,92,99,5.95
263,Bengkulu,ID,2022-02-01 17:50:29,-3.8004,102.2655,74.12,90,100,7.72
264,Songea,TZ,2022-02-01 17:50:29,-10.6833,35.65,67.35,94,40,0.0
265,Usta Muhammad,PK,2022-02-01 17:50:30,28.1794,68.0445,64.53,28,0,5.12
266,Saint George,US,2022-02-01 17:50:30,37.1041,-113.5841,50.47,28,1,3.0
267,Shimoda,JP,2022-02-01 17:50:31,34.6667,138.95,38.1,62,4,29.97
268,Roald,NO,2022-02-01 17:50:31,62.5833,6.1333,35.33,100,75,10.36
269,Tortoli,IT,2022-02-01 17:50:32,39.9256,9.6572,53.42,58,20,17.27
270,Lavrentiya,RU,2022-02-01 17:50:32,65.5833,-171.0,3.34,70,8,20.11
271,Boyolangu,ID,2022-02-01 17:51:32,-8.1181,111.8935,74.59,91,97,4.72
272,Jacksonville Beach,US,2022-02-01 17:51:33,30.2947,-81.3931,72.14,63,40,1.99
273,Yabrud,SY,2022-02-01 17:51:33,33.9674,36.6574,40.66,73,72,3.74
274,Maneadero,MX,2022-02-01 17:51:33,31.7167,-116.5667,58.1,74,85,3.0
275,Georgetown,MY,2022-02-01 17:51:34,5.4112,100.3354,83.95,82,20,5.01
276,Kirovskiy,RU,2022-02-01 17:51:34,45.0917,133.5136,1.67,98,100,3.69
277,Cabo San Lucas,MX,2022-02-01 17:47:05,22.8909,-109.9124,75.61,54,0,1.99
278,Miyazu,JP,2022-02-01 17:51:34,35.5333,135.1833,37.27,75,85,15.68
279,Atar,MR,2022-02-01 17:51:35,20.5169,-13.0499,87.75,8,68,12.62
280,Codrington,AU,2022-02-01 17:51:35,-38.2667,141.9667,55.96,55,65,13.69
281,Plopeni,RO,2022-02-01 17:51:36,45.0667,25.9833,39.69,71,100,3.24
282,Zhezkazgan,KZ,2022-02-01 17:51:36,47.8043,67.7144,8.58,96,95,9.17
283,Saiha,IN,2022-02-01 17:51:36,22.4833,92.9667,55.89,53,21,2.21
284,Ketchikan,US,2022-02-01 17:48:42,55.3422,-131.6461,31.98,80,40,9.22
285,Ust-Tsilma,RU,2022-02-01 17:51:37,65.441,52.1498,-1.68,99,91,4.34
286,Moree,AU,2022-02-01 17:51:37,-29.4667,149.85,77.02,78,90,4.61
287,Evensk,RU,2022-02-01 17:51:38,61.95,159.2333,20.12,81,100,28.66
288,Coihaique,CL,2022-02-01 17:48:02,-45.5752,-72.0662,67.95,37,75,12.66
289,Umuarama,BR,2022-02-01 17:51:38,-23.7664,-53.325,89.4,39,15,3.53
290,Nanchang,CN,2022-02-01 17:51:39,28.6833,115.8833,41.23,93,100,10.54
291,Qasigiannguit,GL,2022-02-01 17:51:39,68.8193,-51.1922,-1.03,85,100,3.38
292,Mahebourg,MU,2022-02-01 17:51:40,-20.4081,57.7,80.89,89,75,21.85
293,Loukhi,RU,2022-02-01 17:51:40,66.0764,33.0381,14.09,96,100,7.2
294,North Myrtle Beach,US,2022-02-01 17:51:40,33.816,-78.68,58.01,53,1,6.91
295,Filadelfia,US,2022-02-01 17:48:26,39.9523,-75.1638,39.2,59,75,3.0
296,Dikson,RU,2022-02-01 17:51:41,73.5069,80.5464,2.82,93,100,19.15
297,Insar,RU,2022-02-01 17:51:41,53.8653,44.3738,26.62,94,100,16.8
298,Jalu,LY,2022-02-01 17:51:37,29.0331,21.5482,59.92,34,55,10.29
299,Hami,CN,2022-02-01 17:50:52,42.8,93.45,22.8,33,18,2.28
300,Carndonagh,IE,2022-02-01 17:51:42,55.25,-7.2667,49.62,91,99,17.34
301,Necochea,AR,2022-02-01 17:51:43,-38.5473,-58.7368,80.04,33,1,15.12
302,Dublin,US,2022-02-01 17:48:40,37.7021,-121.9358,53.83,43,1,3.0
303,Torfyanoy,RU,2022-02-01 17:51:43,58.4916,49.1979,29.43,94,100,10.2
304,Dabat,ET,2022-02-01 17:51:43,12.9842,37.765,56.34,44,50,4.03
305,Gavrilovka Vtoraya,RU,2022-02-01 17:51:44,52.877,42.7663,25.9,94,99,15.3
306,Egvekinot,RU,2022-02-01 17:51:44,66.3167,-179.1667,-2.49,70,80,15.43
307,Nouadhibou,MR,2022-02-01 17:51:44,20.931,-17.0347,73.38,53,100,13.8
308,Camacari,BR,2022-02-01 17:51:45,-12.6975,-38.3242,87.57,52,26,9.73
309,Guerrero Negro,MX,2022-02-01 17:51:45,27.9769,-114.0611,62.94,62,97,12.33
310,Riviere-Au-Renard,CA,2022-02-01 17:51:46,48.9957,-64.3971,12.49,79,36,8.46
311,Caxito,AO,2022-02-01 17:51:46,-8.5785,13.6643,83.05,73,33,7.38
312,Klaksvik,FO,2022-02-01 17:51:47,62.2266,-6.589,32.92,73,100,19.35
313,Sai Buri,TH,2022-02-01 17:51:47,6.7013,101.6168,76.71,85,63,8.72
314,Vardo,NO,2022-02-01 17:51:48,70.3705,31.1107,17.58,86,0,9.22
315,Rock Sound,BS,2022-02-01 17:51:48,24.9,-76.2,69.96,56,100,14.45
316,Aden,YE,2022-02-01 17:52:48,12.7794,45.0367,78.17,76,54,10.22
317,Adrar,MR,2022-02-01 17:52:48,20.5022,-10.0711,81.66,11,69,12.55
318,Tilichiki,RU,2022-02-01 17:52:49,60.4667,166.1,14.45,93,100,11.12
319,Springbok,ZA,2022-02-01 17:52:49,-29.6643,17.8865,72.32,61,48,7.72
320,Valleyview,CA,2022-02-01 17:47:50,55.0667,-117.2859,-9.36,84,85,6.91
321,Onega,RU,2022-02-01 17:52:50,63.9061,38.1404,13.57,93,100,7.09
322,Berlevag,NO,2022-02-01 17:52:50,70.8578,29.0864,22.95,54,0,16.11
323,Mersing,MY,2022-02-01 17:52:50,2.4312,103.8405,80.51,78,83,8.05
324,Cockburn Town,TC,2022-02-01 17:52:51,21.4612,-71.1419,75.13,75,63,19.6
325,Annau,TM,2022-02-01 17:52:51,37.8876,58.516,49.5,43,100,11.5
326,Nago,JP,2022-02-01 17:52:52,26.5881,127.9761,64.83,73,100,11.36
327,Port Blair,IN,2022-02-01 17:52:52,11.6667,92.75,75.24,83,40,2.3
328,Asosa,ET,2022-02-01 17:52:53,10.0667,34.5333,67.71,27,23,2.75
329,Campbeltown,GB,2022-02-01 17:52:53,55.4258,-5.6076,50.05,87,40,24.16
330,Shirokiy,RU,2022-02-01 17:52:53,49.758,129.523,-16.08,99,32,5.14
331,Paita,PE,2022-02-01 17:52:54,-5.0892,-81.1144,88.36,61,46,13.06
332,Jumla,NP,2022-02-01 17:52:54,29.2747,82.1838,31.5,54,3,4.18
333,Shimanovsk,RU,2022-02-01 17:52:55,52.0,127.7,-7.29,91,7,7.11
334,Yaan,NG,2022-02-01 17:52:55,7.3833,8.5667,85.93,12,0,2.95
335,Idenao,CM,2022-02-01 17:52:56,4.2475,9.0047,78.24,70,64,4.54
336,Lagunas,PE,2022-02-01 17:52:56,-5.2269,-75.6753,91.2,39,72,4.88
337,Bandarbeyla,SO,2022-02-01 17:49:10,9.4942,50.8122,76.82,78,71,16.87
338,Konevo,RU,2022-02-01 17:52:57,62.1215,39.3192,14.14,96,100,4.94
339,Purgstall,AT,2022-02-01 17:52:57,48.0584,15.1348,40.15,80,92,16.84
340,Lanzhou,CN,2022-02-01 17:52:57,36.0564,103.7922,15.08,55,93,0.98
341,Kaitangata,NZ,2022-02-01 17:52:28,-46.2817,169.8464,59.22,94,91,1.34
342,Pevek,RU,2022-02-01 17:52:58,69.7008,170.3133,-13.29,89,80,1.63
343,Stephenville,US,2022-02-01 17:52:58,32.2207,-98.2023,61.92,72,100,10.36
344,Udachnyy,RU,2022-02-01 17:52:59,66.4167,112.4,-36.17,100,47,2.26
345,Herat,AF,2022-02-01 17:52:59,34.5,62.0,48.07,58,100,6.31
346,Sorkjosen,NO,2022-02-01 17:52:59,69.8,20.9333,17.6,49,0,17.27
347,Lusambo,CD,2022-02-01 17:53:00,-4.9667,23.45,72.77,87,99,2.84
348,Koslan,RU,2022-02-01 17:53:00,63.4564,48.8989,13.62,94,100,8.01
349,Bonthe,SL,2022-02-01 17:53:00,7.5264,-12.505,82.26,72,92,13.2
350,Patacamaya,BO,2022-02-01 17:53:01,-17.2333,-67.9167,53.69,61,100,7.81
351,San Blas,MX,2022-02-01 17:53:02,21.5167,-105.2667,76.59,40,0,4.81
352,Da Lat,VN,2022-02-01 17:53:02,11.9465,108.4419,55.6,79,34,2.46
353,San Jeronimo,PE,2022-02-01 17:53:03,-11.9472,-75.2829,56.62,71,100,4.63
354,Rabo De Peixe,PT,2022-02-01 17:53:03,37.8,-25.5833,62.28,93,40,10.36
355,Longyearbyen,SJ,2022-02-01 17:53:03,78.2186,15.6401,21.04,63,20,14.97
356,Grindavik,IS,2022-02-01 17:49:05,63.8424,-22.4338,36.07,69,75,23.02
357,Mogadishu,SO,2022-02-01 17:48:26,2.0371,45.3438,78.64,86,100,19.28
358,Ngunguru,NZ,2022-02-01 17:53:04,-35.6167,174.5,70.16,87,100,17.16
359,Fethiye,TR,2022-02-01 17:53:04,36.6217,29.1164,58.87,87,100,9.62
360,Montrose,US,2022-02-01 17:53:05,38.4166,-108.2673,30.54,48,100,0.25
361,Pacific Grove,US,2022-02-01 17:54:05,36.6177,-121.9166,54.1,71,1,1.99
362,Mizdah,LY,2022-02-01 17:54:05,31.4451,12.9801,47.37,60,16,18.63
363,Teguldet,RU,2022-02-01 17:54:06,57.3064,88.1667,12.88,96,100,6.22
364,Bayan,CN,2022-02-01 17:54:06,46.0833,127.4,-4.31,99,99,4.74
365,Inta,RU,2022-02-01 17:54:06,66.0317,60.1659,-5.98,94,31,5.23
366,Biloela,AU,2022-02-01 17:54:07,-24.4167,150.5,76.06,82,100,4.56
367,Luwuk,ID,2022-02-01 17:54:07,-0.9516,122.7875,78.51,76,100,4.72
368,Mandalgovi,MN,2022-02-01 17:54:07,45.7625,106.2708,-0.58,72,0,7.09
369,Tiznit,MA,2022-02-01 17:54:08,29.5833,-9.5,70.23,29,71,5.06
370,Talaya,RU,2022-02-01 17:54:08,61.3833,152.75,-8.09,99,100,5.75
371,Urumqi,CN,2022-02-01 17:52:02,43.801,87.6005,-3.05,85,40,2.24
372,Price,US,2022-02-01 17:54:08,39.5994,-110.8107,26.11,44,62,12.37
373,Zhuhai,CN,2022-02-01 17:54:09,22.2769,113.5678,61.99,88,40,14.97
374,Siva,EG,2022-02-01 17:54:09,29.2041,25.5195,57.4,37,0,8.32
375,Olga,RU,2022-02-01 17:54:10,43.7444,135.2892,11.64,64,1,7.85
376,Lamu,KE,2022-02-01 17:54:10,-2.2717,40.902,79.02,85,46,13.29
377,Turbat,PK,2022-02-01 17:54:10,26.0023,63.044,72.1,44,0,2.19
378,Ghanzi,BW,2022-02-01 17:54:11,-21.5667,21.7833,72.72,73,77,8.97
379,Otaru,JP,2022-02-01 17:54:11,43.1894,141.0022,23.97,89,100,7.9
380,Talaja,IN,2022-02-01 17:54:11,21.35,72.05,70.74,57,0,6.35
381,Siguiri,GN,2022-02-01 17:54:11,11.6667,-9.5,90.9,9,93,8.9
382,Tucuman,AR,2022-02-01 17:54:12,-26.8241,-65.2226,87.8,45,0,3.44
383,Norman Wells,CA,2022-02-01 17:54:12,65.282,-126.8329,-16.56,76,75,4.61
384,Corrente,BR,2022-02-01 17:54:13,-3.7367,-43.3394,93.16,37,88,5.53
385,Nenjiang,CN,2022-02-01 17:54:13,49.1833,125.2167,-11.0,99,88,3.09
386,Manokwari,ID,2022-02-01 17:54:13,-0.8667,134.0833,77.32,82,100,6.64
387,Sechura,PE,2022-02-01 17:54:14,-5.5569,-80.8222,83.44,51,19,11.88
388,Tautira,PF,2022-02-01 17:54:14,-17.7333,-149.15,80.62,79,39,20.56
389,Ossora,RU,2022-02-01 17:54:14,59.2353,163.0719,16.61,93,100,9.8
390,Palauig,PH,2022-02-01 17:54:15,15.435,119.9045,76.53,73,6,5.48
391,Isangel,VU,2022-02-01 17:54:15,-19.55,169.2667,77.36,82,100,3.29
392,Masuguru,TZ,2022-02-01 17:54:15,-11.3667,38.4167,77.25,83,91,3.47
393,Nicoya,CR,2022-02-01 17:54:16,10.1483,-85.452,85.55,36,4,4.94
394,Nelson Bay,AU,2022-02-01 17:54:16,-32.7167,152.15,75.99,93,98,8.08
395,Fredericksburg,US,2022-02-01 17:53:39,38.3032,-77.4605,44.19,56,0,1.01
396,Magadan,RU,2022-02-01 17:54:17,59.5667,150.8,-1.28,79,21,11.1
397,Nouakchott,MR,2022-02-01 17:53:53,18.0858,-15.9785,96.73,19,80,14.23
398,Dauphin,CA,2022-02-01 17:54:17,51.1494,-100.0502,1.54,60,0,20.71
399,Whitianga,NZ,2022-02-01 17:54:17,-36.8333,175.7,69.03,89,97,11.92
400,Fritzlar,DE,2022-02-01 17:54:18,51.1333,9.2833,44.29,81,75,10.36
401,Road Town,VG,2022-02-01 17:49:39,18.4167,-64.6167,84.24,65,40,6.91
402,Ulaanbaatar,MN,2022-02-01 17:54:18,47.9077,106.8832,-21.87,69,0,2.24
403,Vallenar,CL,2022-02-01 17:54:19,-28.5708,-70.7581,83.59,27,14,10.38
404,Karla,EE,2022-02-01 17:55:19,59.3723,24.9275,22.71,87,100,3.44
405,Faanui,PF,2022-02-01 17:55:19,-16.4833,-151.75,80.69,75,12,19.24
406,Bandraboua,YT,2022-02-01 17:55:20,-12.7044,45.1223,82.08,77,90,3.94
407,Mehran,IR,2022-02-01 17:54:05,33.1222,46.1646,51.28,68,0,8.39
408,Itoman,JP,2022-02-01 17:55:20,26.1247,127.6694,64.78,82,75,8.05
409,Nyurba,RU,2022-02-01 17:55:20,63.2842,118.3319,-33.9,100,95,2.35
410,Zomin,UZ,2022-02-01 17:55:21,39.9606,68.3958,39.94,44,85,0.78
411,Salinopolis,BR,2022-02-01 17:55:21,-0.6136,-47.3561,83.07,75,84,11.39
412,Mahibadhoo,MV,2022-02-01 17:55:22,3.7833,72.9667,82.98,77,48,15.55
413,Roebourne,AU,2022-02-01 17:55:22,-20.7833,117.1333,85.01,65,100,6.98
414,Narrabri,AU,2022-02-01 17:55:22,-30.3167,149.7833,73.53,95,100,5.41
415,Alekseyevka,RU,2022-02-01 17:55:23,50.6309,38.6903,16.79,98,60,6.76
416,Carmen,MX,2022-02-01 17:55:23,18.6333,-91.8333,73.44,78,0,16.11
417,Camacupa,AO,2022-02-01 17:55:23,-12.0167,17.4833,65.62,78,91,5.37
418,Scarborough,GB,2022-02-01 17:52:34,54.2797,-0.4044,51.53,73,100,1.01
419,Chervishevo,RU,2022-02-01 17:55:24,56.9464,65.4278,17.89,93,58,6.96
420,Abu Dhabi,AE,2022-02-01 17:55:24,24.4667,54.3667,73.42,64,0,5.75
421,Wagar,SD,2022-02-01 17:55:24,16.1525,36.2032,74.23,47,36,16.8
422,San Matias,BO,2022-02-01 17:55:25,-16.3667,-58.4,75.85,92,100,5.26
423,Yuanping,CN,2022-02-01 17:55:25,38.7153,112.7575,24.22,28,0,3.04
424,Bonavista,CA,2022-02-01 17:55:26,48.6499,-53.1147,29.12,54,42,19.69
425,Lasa,IT,2022-02-01 17:55:26,46.6166,10.7002,30.94,94,55,8.19
426,Kampot,KH,2022-02-01 17:55:26,10.6167,104.1833,78.85,74,8,4.97
427,Kloulklubed,PW,2022-02-01 17:55:27,7.0419,134.2556,81.27,78,100,21.81
428,Policoro,IT,2022-02-01 17:55:27,40.2115,16.6726,50.9,58,45,4.0
429,Zhigansk,RU,2022-02-01 17:55:27,66.7697,123.3711,-29.25,99,93,8.7
430,Buala,SB,2022-02-01 17:55:28,-8.145,159.5921,80.2,83,97,5.35
431,Flin Flon,CA,2022-02-01 17:55:28,54.7682,-101.865,-14.96,64,20,12.66
432,Jinchang,CN,2022-02-01 17:55:29,38.4953,102.1739,20.1,34,23,2.98
433,Zaragoza,ES,2022-02-01 17:55:29,41.6561,-0.8773,53.74,55,0,13.0
434,Kamaishi,JP,2022-02-01 17:55:29,39.2667,141.8833,31.5,72,98,5.55
435,Anadyr,RU,2022-02-01 17:55:30,64.75,177.4833,16.3,62,98,15.66
436,Coos Bay,US,2022-02-01 17:55:30,43.3665,-124.2179,40.14,93,75,4.61
437,Manaure,CO,2022-02-01 17:55:30,11.7751,-72.4445,89.71,58,36,12.48
438,Garowe,SO,2022-02-01 17:55:31,8.4054,48.4845,75.72,59,83,17.38
439,Zhanakorgan,KZ,2022-02-01 17:55:31,43.9098,67.2495,28.08,78,1,6.2
440,Luanda,AO,2022-02-01 17:55:31,-8.8368,13.2343,82.4,65,0,9.22
441,Sokna,NO,2022-02-01 17:55:32,60.24,9.9235,25.66,96,100,1.1
442,Dzilam Gonzalez,MX,2022-02-01 17:55:32,21.2833,-88.9333,84.31,43,3,7.0
443,Trairi,BR,2022-02-01 17:51:07,-3.2778,-39.2689,85.23,63,97,14.38
444,Dukat,RU,2022-02-01 17:55:33,62.55,155.55,-10.97,96,100,5.14
445,Maxixe,MZ,2022-02-01 17:55:33,-23.8597,35.3472,77.76,73,6,9.1
446,Melenki,RU,2022-02-01 17:55:34,55.3343,41.6295,26.76,90,98,11.34
447,Luena,AO,2022-02-01 17:55:34,-11.7833,19.9167,68.86,74,80,3.0
448,Bhag,PK,2022-02-01 17:55:34,29.0415,67.8239,68.0,26,0,4.05
449,Marsa Matruh,EG,2022-02-01 17:55:35,31.3525,27.2453,57.4,58,40,8.05
450,Tura,IN,2022-02-01 17:55:35,25.5198,90.2201,53.83,69,13,4.52
451,Dhidhdhoo,MV,2022-02-01 17:55:35,6.8833,73.1,81.73,72,36,9.93
452,Constitucion,CL,2022-02-01 17:56:36,-35.3333,-72.4167,68.52,62,4,8.55
453,Mildura,AU,2022-02-01 17:56:36,-34.2,142.15,58.96,58,1,14.97
454,Maiduguri,NG,2022-02-01 17:56:37,11.8464,13.1603,68.14,26,0,11.86
455,Harper,LR,2022-02-01 17:56:37,4.375,-7.7169,81.9,73,63,9.48
456,Ojinaga,MX,2022-02-01 17:54:01,29.5667,-104.4167,69.57,29,0,4.61
457,Iberia,US,2022-02-01 17:56:38,29.9502,-91.7507,68.04,93,100,15.23
458,Camacha,PT,2022-02-01 17:56:38,33.0833,-16.3333,65.53,77,0,21.85
459,Shwebo,MM,2022-02-01 17:56:38,22.5667,95.7,60.22,51,3,3.31
460,Rio Grande,BR,2022-02-01 17:56:39,-32.035,-52.0986,78.94,50,0,11.95
461,Lalpur,IN,2022-02-01 17:56:39,22.2,69.9667,70.16,69,0,5.82
462,Hammerfest,NO,2022-02-01 17:56:40,70.6634,23.6821,22.73,79,40,3.44
463,Soto,AR,2022-02-01 17:56:40,-32.8107,-61.4026,89.87,26,1,9.01
464,Muroto,JP,2022-02-01 17:56:40,33.2833,134.15,43.09,52,8,15.52
465,Morehead,US,2022-02-01 17:56:41,37.2711,-87.1764,62.15,43,0,3.0
466,Floro,NO,2022-02-01 17:56:41,61.5996,5.0328,35.96,100,75,9.22
467,Melo,UY,2022-02-01 17:56:42,-32.3667,-54.1833,87.75,21,0,6.67
468,Fort Nelson,CA,2022-02-01 17:56:42,58.8053,-122.7002,-17.01,76,75,2.3
469,Pitimbu,BR,2022-02-01 17:56:42,-7.4706,-34.8086,86.59,63,8,10.65
470,Atherton,GB,2022-02-01 17:56:42,53.5237,-2.4935,52.92,81,72,15.01
471,Shenjiamen,CN,2022-02-01 17:56:43,29.9576,122.298,43.54,72,100,12.12
472,Oussouye,SN,2022-02-01 17:56:43,12.485,-16.5469,104.18,21,2,6.73
473,Jose Bonifacio,BR,2022-02-01 17:56:44,-21.0528,-49.6883,72.66,85,100,8.05
474,Talcahuano,CL,2022-02-01 17:56:44,-36.7167,-73.1167,73.08,46,0,10.36
475,Matao,BR,2022-02-01 17:56:44,-21.6033,-48.3658,74.57,83,100,5.86
476,Azare,NG,2022-02-01 17:56:45,11.6765,10.1948,68.43,17,1,9.73
477,Hambantota,LK,2022-02-01 17:56:45,6.1241,81.1185,74.84,76,2,14.85
478,San Cristobal,VE,2022-02-01 17:56:46,7.7669,-72.225,75.38,30,49,8.21
479,Richards Bay,ZA,2022-02-01 17:55:21,-28.783,32.0377,78.04,79,48,13.38
480,Novomykolayivka,UA,2022-02-01 17:56:46,47.9781,35.9102,32.25,96,97,5.1
481,Babu,CN,2022-02-01 17:56:46,24.4167,111.5167,43.09,92,98,5.46
482,Plouzane,FR,2022-02-01 17:56:47,48.3833,-4.6167,48.52,100,100,11.5
483,Dalvik,IS,2022-02-01 17:56:47,65.9702,-18.5286,17.53,70,30,8.08
484,Sudogda,RU,2022-02-01 17:56:48,55.9539,40.8629,28.27,88,100,9.33
485,Labrea,BR,2022-02-01 17:56:48,-7.2586,-64.7981,91.08,50,40,4.38
486,Marawi,PH,2022-02-01 17:56:49,7.9986,124.2928,66.65,94,100,0.54
487,Maarianhamina,AX,2022-02-01 17:56:49,60.0973,19.9348,21.06,86,75,3.44
488,Kurchum,KZ,2022-02-01 17:56:49,48.5722,83.6542,-7.91,90,71,2.98
489,Rawson,AR,2022-02-01 17:56:50,-43.3002,-65.1023,77.67,36,42,4.79
490,Cayenne,GF,2022-02-01 17:56:50,4.9333,-52.3333,77.04,92,75,2.3
491,Dwarka,IN,2022-02-01 17:56:51,22.2394,68.9678,71.92,76,1,6.85
492,Canutama,BR,2022-02-01 17:56:51,-6.5339,-64.3831,88.54,58,81,5.41
493,La Ronge,CA,2022-02-01 17:56:52,55.1001,-105.2842,-12.75,64,0,10.36
494,Salto,UY,2022-02-01 17:55:01,-31.3833,-57.9667,90.88,40,0,1.99
495,High Level,CA,2022-02-01 17:56:52,58.5169,-117.136,-5.69,71,20,10.36
496,Olafsvik,IS,2022-02-01 17:56:52,64.8945,-23.7142,29.08,93,100,16.26
497,Masaka,UG,2022-02-01 17:56:53,-0.3338,31.7341,67.35,73,99,5.48
498,Espinosa,BR,2022-02-01 17:57:53,-14.9261,-42.8192,83.61,60,97,2.89
499,Neckarsulm,DE,2022-02-01 17:57:53,49.1928,9.2261,41.36,92,100,23.58
500,Borogontsy,RU,2022-02-01 17:57:54,62.6683,131.1683,-27.49,100,100,1.88
501,Sahibganj,IN,2022-02-01 17:57:54,25.25,87.65,59.77,60,0,5.19
502,Saint Anthony,US,2022-02-01 17:57:54,45.0205,-93.218,19.94,67,100,8.01
503,Verkhoyansk,RU,2022-02-01 17:57:55,67.5447,133.385,-17.93,98,100,0.81
504,Vostok,RU,2022-02-01 17:57:55,46.4856,135.8833,-4.65,98,100,4.32
505,Gao,ML,2022-02-01 17:57:56,16.6362,1.637,71.76,9,30,10.74
506,Portland,US,2022-02-01 17:56:08,45.5234,-122.6762,40.95,93,100,1.01
507,Galati,RO,2022-02-01 17:55:19,45.45,28.05,36.21,92,100,6.85
508,Lao Cai,VN,2022-02-01 17:57:56,22.4833,103.95,54.46,92,99,1.54
509,Aktas,KZ,2022-02-01 17:57:57,49.7789,72.9608,-4.25,97,61,4.59
510,Belaya Gora,RU,2022-02-01 17:57:57,68.5333,146.4167,-18.96,98,100,4.63
511,Srednekolymsk,RU,2022-02-01 17:56:30,67.45,153.6833,-21.53,98,100,1.77
512,Havelock,US,2022-02-01 17:57:57,34.8791,-76.9013,55.06,54,6,3.0
513,Acajutla,SV,2022-02-01 17:57:58,13.5928,-89.8275,91.8,58,1,8.34
514,Constancia,MX,2022-02-01 17:57:58,24.2231,-107.1869,75.27,30,0,4.54
515,Seymour,US,2022-02-01 17:56:04,38.9592,-85.8903,57.25,49,100,5.01
516,Sept-Iles,CA,2022-02-01 17:57:59,50.2001,-66.3821,5.05,53,20,1.01
517,Moose Factory,CA,2022-02-01 17:57:59,51.2585,-80.6094,28.4,69,40,14.97
518,Waynesville,US,2022-02-01 17:53:39,35.4887,-82.9887,53.2,36,7,1.99
519,Port Macquarie,AU,2022-02-01 17:57:59,-31.4333,152.9167,76.96,88,89,6.96
520,Sumenep,ID,2022-02-01 17:58:00,-7.0167,113.8667,77.92,88,95,6.67
521,North Bend,US,2022-02-01 17:58:00,43.4065,-124.2243,40.06,72,98,6.51
522,Shache,CN,2022-02-01 17:58:01,38.4167,77.2406,27.57,42,0,3.47
523,Cliza,BO,2022-02-01 17:58:01,-17.6,-65.9333,60.69,65,98,1.5
524,Hachinohe,JP,2022-02-01 17:58:01,40.5,141.5,28.81,73,8,8.72
525,Farafangana,MG,2022-02-01 17:58:02,-22.8167,47.8333,75.83,80,2,7.99
526,Ojo Caliente,MX,2022-02-01 17:58:02,22.5708,-102.2519,61.74,8,0,11.97
527,San Ramon,US,2022-02-01 17:56:40,37.7799,-121.978,53.42,42,1,3.0
528,Svetlogorsk,BY,2022-02-01 17:58:02,52.6333,29.7333,23.04,94,98,8.93
529,Antofagasta,CL,2022-02-01 17:58:03,-23.65,-70.4,72.21,63,3,9.71
530,Te Anau,NZ,2022-02-01 17:58:03,-45.4167,167.7167,63.14,98,100,2.68
531,Clarence Town,AU,2022-02-01 17:58:04,-32.5833,151.7833,76.33,94,100,3.89
532,Cedar Mill,US,2022-02-01 17:58:04,45.5248,-122.8109,40.19,91,100,1.01
533,Akalgarh,IN,2022-02-01 17:58:05,29.8167,75.8833,50.67,74,0,5.68
534,Wanaka,NZ,2022-02-01 17:58:05,-44.7,169.15,61.11,98,100,6.08
535,Duluth,US,2022-02-01 17:56:00,46.7833,-92.1066,24.6,66,100,29.93
536,Tank,PK,2022-02-01 17:58:06,32.2217,70.3793,58.51,34,43,2.15
537,Atasu,KZ,2022-02-01 17:58:06,48.6814,71.6433,2.64,90,64,6.04
538,Doka,SD,2022-02-01 17:58:06,13.5167,35.7667,76.98,32,2,8.14
539,Niksic,ME,2022-02-01 17:58:07,42.7731,18.9445,39.07,75,40,15.46
540,Basco,PH,2022-02-01 17:58:07,20.4487,121.9702,73.15,76,100,17.4
541,Madimba,TZ,2022-02-01 17:58:07,-10.4,40.3333,81.72,83,20,9.22
542,Hobyo,SO,2022-02-01 17:58:08,5.3505,48.5268,78.26,84,87,18.45
543,Gizo,SB,2022-02-01 17:58:08,-8.103,156.8419,82.83,78,89,11.63
544,Arivonimamo,MG,2022-02-01 17:58:08,-19.0167,47.1833,66.25,82,55,5.3
545,Hervey Bay,AU,2022-02-01 17:59:09,-25.2986,152.8535,77.11,79,100,12.12
546,Cravo Norte,CO,2022-02-01 17:59:09,6.3017,-70.2041,97.18,23,80,7.72
547,Upington,ZA,2022-02-01 17:59:09,-28.4478,21.2561,71.98,88,75,6.91
548,Cuamba,MZ,2022-02-01 17:59:10,-14.8031,36.5372,70.93,89,37,1.92
549,Kontagora,NG,2022-02-01 17:59:10,10.3999,5.4695,79.79,12,1,5.95
550,Voh,NC,2022-02-01 17:59:11,-20.9667,164.7,75.25,91,52,3.96
551,Wanning,CN,2022-02-01 17:59:11,18.8003,110.3967,66.96,92,85,7.72
552,Winnemucca,US,2022-02-01 17:59:11,40.973,-117.7357,27.1,48,6,3.06
553,Amapa,BR,2022-02-01 17:59:12,1.0,-52.0,80.67,88,91,2.68
554,Arman,RU,2022-02-01 17:59:12,59.7,150.1667,-0.85,81,59,10.96
555,Poya,NC,2022-02-01 17:59:13,-21.35,165.15,75.54,89,42,4.23
556,Norwich,GB,2022-02-01 17:56:58,52.6278,1.2983,53.15,70,20,17.0
557,Anloga,GH,2022-02-01 17:59:14,5.7947,0.8973,86.22,63,45,10.54
558,Coahuayana,MX,2022-02-01 17:59:14,18.7333,-103.6833,85.46,39,0,6.29
559,Ostrovnoy,RU,2022-02-01 17:59:14,68.0531,39.5131,13.66,95,100,3.13
560,Auxerre,FR,2022-02-01 17:59:15,47.8,3.5667,46.63,97,100,14.94
561,Nampula,MZ,2022-02-01 17:59:15,-15.1165,39.2666,82.35,65,20,6.91
562,Konstantinovka,RU,2022-02-01 17:59:16,49.6167,127.9833,-13.68,96,38,4.38
563,Letka,RU,2022-02-01 17:59:16,59.6011,49.4232,28.96,94,100,8.75
564,Haftoni,AZ,2022-02-01 17:59:17,38.7632,48.7622,40.71,100,40,5.75
565,Palana,RU,2022-02-01 17:59:17,59.1167,159.9667,5.92,88,81,6.78
566,Gigmoto,PH,2022-02-01 17:59:17,13.7796,124.39,77.32,87,98,15.12
567,Verkhnyaya Sinyachikha,RU,2022-02-01 17:59:18,57.976,61.6673,22.69,86,100,9.08
568,Adelaide,AU,2022-02-01 17:54:21,-34.9333,138.6,61.21,54,75,1.99
569,Aller,ES,2022-02-01 17:59:18,43.1187,-5.5839,48.7,94,35,1.88
570,Broken Hill,AU,2022-02-01 17:59:19,-31.95,141.4333,60.51,51,100,21.85
571,San Patricio,US,2022-02-01 17:59:19,28.017,-97.5169,70.93,62,85,5.14
572,Hearst,CA,2022-02-01 17:59:20,49.6835,-83.6665,30.45,92,100,14.85
573,Libiaz,PL,2022-02-01 17:59:20,50.104,19.3157,34.61,85,97,12.57
